time,phase,left_hip_yaw,left_hip_roll,left_hip_pitch,left_knee,left_ankle_pitch,left_ankle_roll,right_hip_yaw,right_hip_roll,right_hip_pitch,right_knee,right_ankle_pitch,right_ankle_roll
0.02,0.034,0.007008100261454551,0.13913913241202544,-0.560295360961637,0.853533882370666,-0.3437268619880831,-0.13931437214498243,-0.007008100261454551,-0.13913913241202544,-0.4493180709430439,0.853533882370666,-0.45470415200667624,0.13931437214498243
0.04,0.068,0.006245639991740437,0.12416582287353736,-0.558344482961797,0.8639469241859854,-0.35599068892859265,-0.12432199691819334,-0.00800951098199308,-0.15870888322427837,-0.5256813062610506,0.9685072892518383,-0.49346291414590593,0.15890916379549921
0.06,0.10200000000000001,0.005483172460112699,0.1091361286698674,-0.5556501228142169,0.873032894843762,-0.3676822762187898,-0.10927323689000297,-0.009116126973605317,-0.1801921566763326,-0.6044908869969633,1.0848824546224933,-0.5312151301327764,0.18042010892003005
0.08,0.136,0.0047206985530105,0.09405658264523731,-0.5522340268080238,0.8808228572083552,-0.3788110010112855,-0.09417462492125947,-0.010321774843409046,-0.2034072659199397,-0.6803930930848264,1.1928681005311745,-0.5635284131893273,0.20366536635376475
0.1,0.17,0.003958219156917472,0.07893385183529888,-0.5481151721224318,0.8873422790914232,-0.38938340707630315,-0.07903282806424636,-0.011604439599287293,-0.22786282782461403,-0.7493151240389105,1.2856545314362393,-0.5876672826652288,0.22815300252378798
0.12000000000000001,0.20400000000000001,0.0031957351583555417,0.06377472060684095,-0.5433100913061975,0.8926116827892034,-0.39940352968079496,-0.06385463070238342,-0.012920116152052567,-0.2526623291416087,-0.8075493056862497,1.3578255865371194,-0.6019172555590466,0.25298540384593377
0.14,0.23800000000000002,0.0024332474438787505,0.048586073011041675,-0.5378331170279202,0.8966471467759742,-0.408873152377081,-0.04864691690347343,-0.014198328810560174,-0.2764552535896499,-0.8512445547125221,1.4044331775270131,-0.6051638526549289,0.2768102917387463
0.16,0.272,0.0016707569000670556,0.0333748744607728,-0.531696560924224,0.8994606853572491,-0.41779200767867286,-0.03341665209701849,-0.015343209469232386,-0.29749749398122105,-0.87613762716146,1.4203186249947175,-0.5964803081789722,0.29788116167253825
0.18,0.30600000000000005,0.0018950190660870683,0.03785068347587932,-0.5237047380002949,0.8987594618203936,-0.4250905919966391,-0.0378980688390637,-0.015026745693073296,-0.29170734959953243,-0.8870041166394766,1.4164624153072165,-0.5816657203880782,0.29208310359186995
0.19999999999999998,0.3400000000000001,0.0026575088697752456,0.05305597649936045,-0.5144218270161062,0.8955875526795083,-0.43123624061096555,-0.05312242810484066,-0.013831513448533185,-0.2696588520745294,-0.8798633395658249,1.3871390735004583,-0.5591520417256697,0.27000471747844074
0.21999999999999997,0.3740000000000001,0.003419995583367381,0.06823666257672958,-0.5045092231252224,0.8911905882784241,-0.43679809510621026,-0.06832218036654725,-0.012533359537819679,-0.24540375622509614,-0.8528169928010414,1.3295581565592527,-0.5282868151156288,0.24571715960780902
0.23999999999999996,0.40800000000000014,0.004182478320290498,0.08338579828778758,-0.49396616666722315,0.8855553919748189,-0.4417637063198385,-0.08349038218734343,-0.011221308181987426,-0.22058561839070562,-0.8089929885112614,1.24918041762232,-0.4914301145156821,0.22086621249666327
0.25999999999999995,0.44200000000000017,0.004944956193999362,0.09849652702634963,-0.4827896375699314,0.8786646227545338,-0.44611871326254776,-0.0986201769444264,-0.009957824917118965,-0.1964215419431523,-0.7516625113573177,1.1513767783321034,-0.4506953971197829,0.19667054149896845
0.27999999999999997,0.4760000000000002,0.005707428317982664,0.11356209713612944,-0.4709741123191022,0.8704963618895345,-0.44984667294324127,-0.11370481296487188,-0.008779846129939138,-0.1736806250162637,-0.6844434667167312,1.0421815922732383,-0.408502497402762,0.1739001683187369
0.3,0.5100000000000002,0.006469893805769209,0.12857587933723538,-0.45851125365820766,0.8610235708258145,-0.4529288287189557,-0.1287376609521595,-0.007704087556575372,-0.1527525354412077,-0.6117419481783194,0.9293902916213708,-0.3682379026013791,0.15294517871784627
0.32,0.5440000000000003,0.007291807136844407,0.14469496357726522,-0.47111680567899666,0.886436683197815,-0.4658483460793022,-0.14487729755073922,-0.006783848047104207,-0.13474145069890842,-0.55980015737691,0.8567363802332415,-0.34739395008735297,0.1349110828916056
0.34,0.5780000000000003,0.008324101656082503,0.16483214026183018,-0.5488837369139447,1.003107748081511,-0.504911612375993,-0.1650402873699075,-0.006021385549518113,-0.11975088785394744,-0.557628171573944,0.8667555211360476,-0.35948831524574876,0.11990145431655061
0.36000000000000004,0.6120000000000003,0.009461078190115484,0.1868555386970446,-0.6273136691603899,1.1178581976170086,-0.5414310433137554,-0.18709211670418166,-0.005258916050730809,-0.10470584687790883,-0.5547194099011465,0.8754573530424605,-0.3710135152147602,0.10483734747909221
0.38000000000000006,0.6460000000000004,0.010692533115725083,0.2105030002455068,-0.7015561480912149,1.2219952619477252,-0.5715687038470623,-0.21077037182340452,-0.004496440437195187,-0.08961290178273089,-0.5510947651186293,0.8828712157574095,-0.3819780554483838,0.08972533640779076
0.4000000000000001,0.6800000000000004,0.011990605679844455,0.2351728741377997,-0.7677189686051116,1.3092455954311681,-0.5929431104792695,-0.2354727053365894,-0.00373395959540678,-0.07447875590065814,-0.5467724655954538,0.8890210623064898,-0.39238771151774576,0.07457212445152772
0.4200000000000001,0.7140000000000004,0.01330380798928112,0.25983656685457146,-0.8220914828303182,1.374408492472244,-0.6040552333061772,-0.26016923626587596,-0.0029714744118976037,-0.059310224781718,-0.5417683746269761,0.8939260617854603,-0.40224583247151613,0.05938452717695252
0.4400000000000001,0.7480000000000004,0.014553716172779882,0.28301498465121927,-0.8607223296492235,1.412542737580076,-0.6038937611323012,-0.2833789097947075,-0.002208985773229962,-0.044114218336288945,-0.5360962145615858,0.8976010628506512,-0.41155358005240184,0.04416945451107835
0.46000000000000013,0.7820000000000005,0.0156385503522145,0.3028826665010584,-0.8791923564708238,1.4182908660664348,-0.5914851530868123,-0.3032737196958664,-0.0014464945659902646,-0.02889772233589465,-0.5297677283071472,0.9000569412680184,-0.4203101146182412,0.028933892242057974
0.48000000000000015,0.8160000000000005,0.014692051294711059,0.2855616433806838,-0.8871532111329192,1.4111174246593732,-0.5760763662200681,-0.2859290278077015,-0.002119281041492673,-0.04232497007182525,-0.5210398756856276,0.8979530945887255,-0.4269580748696631,0.04237796315836683
0.5000000000000001,0.8500000000000005,0.01345592978745963,0.2626734027589171,-0.8738361477775207,1.3728836272184477,-0.5508249951637993,-0.26300987617781774,-0.002881770028362261,-0.057523750910365844,-0.5115717143110593,0.8944220102792766,-0.43293320399920254,0.05759581022388441
0.5200000000000001,0.8840000000000006,0.012145583285544069,0.23809942026631156,-0.8415266822601566,1.3080477891128253,-0.5179739225415785,-0.23840312685363496,-0.003644255664376536,-0.07269587470398095,-0.5014738592504727,0.8896624076120845,-0.4383210680501949,0.07278700018161982
0.5400000000000001,0.9180000000000006,0.010842549756164166,0.21336801544138054,-0.7933803481257455,1.2219736636857312,-0.4797544619575347,-0.21363913832548478,-0.0044067370629700345,-0.08783442164608783,-0.4907449077327363,0.8836599213195875,-0.44310867001918436,0.08794461320836729
0.5600000000000002,0.9520000000000006,0.009601405185999147,0.18956145040049957,-0.7327419864141983,1.1201398701087837,-0.43831065366226996,-0.18980153739323125,-0.005169213337606862,-0.10293256414511233,-0.4793811313850971,0.8763959122242237,-0.44728105676516206,0.10306182169591237
0.5800000000000002,0.9860000000000007,0.008452499624894774,0.16732774658111316,-0.6634002984291414,1.008960911133387,-0.39626944036184564,-0.16753910436376054,-0.005931683601786865,-0.11798358476346373,-0.4673762146827539,0.8678470184553166,-0.4508211319211428,0.11813190819004278
0.6000000000000002,0.020000000000000684,0.007407791457114826,0.14696371289452556,-0.5901318884764708,0.8970477343605539,-0.35746116848670006,-0.14714894711938506,-0.006694146969051824,-0.13298089341444908,-0.4547209222640552,0.8579845704794336,-0.4537094037781901,0.1331482825874327
0.6200000000000002,0.054000000000000686,0.006559595150434703,0.13033849919044116,-0.5592391704886213,0.8598218998529497,-0.3510108209953844,-0.13050252383007888,-0.007584478360439679,-0.1504169169616061,-0.4935612605152452,0.9202805766831244,-0.4772908137420886,0.1506065693415549
0.6400000000000002,0.08800000000000069,0.005797130501655217,0.1153312392338767,-0.5568481452763342,0.869450204411097,-0.3629367262313078,-0.11547619810306756,-0.008647824262514352,-0.17112012672571963,-0.5721291381240377,1.0375119912609208,-0.5161245769256444,0.1713363687310913
0.6600000000000003,0.12200000000000069,0.005034659112391168,0.10027142027867195,-0.5537267868502797,0.8777704305480452,-0.3742962721430576,-0.10039731325098096,-0.009814318236830512,-0.1936616534048389,-0.6497683778796164,1.1499007554650402,-0.5510856950553282,0.19390706445840453
0.6800000000000003,0.1560000000000007,0.00427218186910863,0.08516565609869008,-0.549895168183582,0.8848102617319684,-0.3850971254497937,-0.08527248306430808,-0.011069211789958731,-0.21769004251017157,-0.7220193708563185,1.2496550138396905,-0.5788452643995421,0.2179668332959266
0.7000000000000003,0.1900000000000007,0.0035096996583145077,0.07002068484262691,-0.5453707946149359,0.890592188140988,-0.3953443196674751,-0.0701084457083711,-0.012378263846270618,-0.24248546480067543,-0.7851046449634772,1.330924385568453,-0.5973279313006837,0.24279498983277276
0.7200000000000003,0.2240000000000007,0.0027472133665503665,0.05484335169824161,-0.5401688794926542,0.8951340656124129,-0.4050405382494451,-0.05491204638756485,-0.013682188156116697,-0.2668847562038724,-0.8352750363681313,1.3886558343956474,-0.6052175248039299,0.26722688752098417
0.7400000000000003,0.2580000000000007,0.001984723880386247,0.03964059083403648,-0.5343025487574514,0.8984495429411177,-0.41418633716222375,-0.039690219287013585,-0.014894893379784488,-0.2892889413203425,-0.86846034361338,1.4178588900944367,-0.6015682017770241,0.2896613981335649
0.7600000000000003,0.2920000000000007,0.0015810519853399379,0.03158416473134075,-0.5273438488240306,0.8997117748829009,-0.42239289624305354,-0.03162369927590953,-0.015464041560300805,-0.29970288865405653,-0.883430088908346,1.418905552778174,-0.5878103209394456,0.3000895779562631
0.7800000000000004,0.32600000000000073,0.0023435428037263204,0.04679755530544409,-0.5183204922044289,0.897041380387019,-0.428775734254482,-0.046856156111344464,-0.014342008579142768,-0.27911027064899624,-0.885390886643909,1.4029658388383182,-0.5695895825223342,0.2794689017236238
0.8000000000000004,0.36000000000000076,0.003106030897082742,0.061989218863205874,-0.5086671437737266,0.8931502205190855,-0.434579377876926,-0.062066885879323366,-0.013074082083277585,-0.25554441316901255,-0.8661656647809151,1.3563306589841724,-0.5418446725491339,0.25587133798621753
0.8200000000000004,0.3940000000000008,0.0038685153788265993,0.07715218165151042,-0.49838391752047867,0.8880267391088661,-0.4397921280438995,-0.0772489148100998,-0.011758623607471406,-0.23078452305395777,-0.8288652485685859,1.284699545779306,-0.5071972214639999,0.23107855328802646
0.8400000000000004,0.4280000000000008,0.004630995362400484,0.09227954908432827,-0.48746875013186286,0.8816553533781311,-0.4444004284667834,-0.09239534830101079,-0.010469307006033714,-0.20623333461654575,-0.7766844111115622,1.193397828582962,-0.46779682999087757,0.20649512422263358
0.8600000000000004,0.46200000000000085,0.00539346996127837,0.10736452413726312,-0.47591718238516884,0.8740160873103222,-0.44838871773917915,-0.10749938931103475,-0.009253085598605507,-0.18283974365175895,-0.7130624599619162,1.0880807498766303,-0.42586657632765457,0.18307112064676662
0.8800000000000004,0.4960000000000009,0.006155938288971796,0.12240042507973424,-0.4637220780722858,0.8650840854923483,-0.4517392244057833,-0.12255435609295921,-0.008134247357284113,-0.16113824180813077,-0.6420049582629359,0.9756499278308297,-0.38430176410049066,0.16134164148934096
0.9000000000000005,0.5300000000000009,0.00691839945903605,0.13738070243322353,-0.45087326752783896,0.8548289826041251,-0.4544316930997214,-0.1375536991516391,-0.007120517776099817,-0.14134165947600458,-0.5687421692177078,0.8657015656551881,-0.34746345087606223,0.141519710267531
0.9200000000000005,0.564000000000001,0.007886242207627696,0.1563062476137988,-0.5164455532757327,0.9546739301930658,-0.48884597247417616,-0.15650344577482836,-0.0063353415939981055,-0.1259304400857989,-0.5586130383793686,0.8627914023896133,-0.3545777995261251,0.12608885715999849
0.9400000000000005,0.598000000000001,0.008980556924232445,0.17756889168053536,-0.5952827807627041,1.071472492902422,-0.5269891529086363,-0.17779345389738255,-0.005572874870705118,-0.11090704305910133,-0.5560049605682694,0.8720317708827645,-0.3663361638104202,0.11104639432394495
0.9600000000000005,0.632000000000001,0.010175333877528647,0.2005988334166734,-0.6717529018151913,1.1808383144070018,-0.5601094375541471,-0.20085327196735178,-0.004810401667648279,-0.09583301835927881,-0.5526727394366353,0.8799727813063072,-0.3775307165382068,0.09595330369321499
0.9800000000000005,0.666000000000001,0.011450743429757765,0.22494642605510773,-0.7416897789571726,1.2757108133065147,-0.5853144085769482,-0.2252327574217411,-0.004047922871306311,-0.08071501809357896,-0.5486356593865883,0.8866405228205223,-0.38816831649039363,0.08081623739168994
1.0000000000000004,0.7000000000000011,0.012765662125890722,0.24976678682448758,-0.801375365880704,1.3505666382086252,-0.6007938527248761,-0.25008599921434715,-0.0032854393681969593,-0.06555981372681179,-0.5439105264685162,0.8920560709162171,-0.3982532795316457,0.0656419669008103
1.0200000000000005,0.7340000000000011,0.014052821945593203,0.2737623860151946,-0.8469926973321092,1.4004392588742045,-0.6053822641643164,-0.27411378555323895,-0.0025229520448708043,-0.05037427852156708,-0.5385119217068676,0.8962360049976978,-0.4077876427101129,0.050437365499791616
1.0400000000000005,0.7680000000000011,0.015218997174380683,0.29522728767708417,-0.8743366812226963,1.4202304920195954,-0.5981568457732758,-0.2956078492327154,-0.0017604617879050787,-0.03516536928901885,-0.5324523871197171,0.8991928013122603,-0.4167713710351515,0.03520939001643847
1.0600000000000005,0.8020000000000012,0.015155681227985678,0.2940688626556658,-0.8863912715814473,1.4177770586872815,-0.5836304349313945,-0.29444784089154286,-0.001805314221289592,-0.036060532526554626,-0.5247554059462469,0.899052558013135,-0.4243297058995503,0.036105674799372815
1.0800000000000005,0.8360000000000012,0.013979437566035702,0.27240272416222205,-0.8817964622225478,1.3921663608151813,-0.5622858093666689,-0.2727522886184031,-0.002567804330230611,-0.051268260642396486,-0.5155466243710285,0.8960240883401855,-0.4305433018576542,0.05133246916323622
1.1000000000000005,0.8700000000000012,0.012688294435632661,0.2483147634597539,-0.8569309923263342,1.3376177919027186,-0.532270310810117,-0.24863204117600632,-0.0033302914533798293,-0.06645220352872631,-0.5057080998279636,0.8917718549785234,-0.4361744485926702,0.06653547824158214
1.1200000000000006,0.9040000000000012,0.011374106447503363,0.22349077007516632,-0.8149151136722214,1.259647699402272,-0.4960089201348824,-0.22377518505563276,-0.004092774704161412,-0.08160540877300933,-0.4952393253266354,0.8862831492334067,-0.4412109131529336,0.08170774960524761
1.1400000000000006,0.9380000000000013,0.01010253813026711,0.199201563834724,-0.7589953253276738,1.1636018473169072,-0.4556160917860128,-0.19945418206572946,-0.004855253196026538,-0.09672100860178372,-0.4841375581612153,0.8795411392157573,-0.44563856722675155,0.09684241546413426
1.1600000000000006,0.9720000000000013,0.00891329865590555,0.17626653113451854,-0.692732056447545,1.0553892067173085,-0.4134447538339967,-0.17648941151063072,-0.005617726042459589,-0.11179223809249271,-0.4723975840286218,0.8715244701762255,-0.4494412234920459,0.11193271087905941
1.1800000000000006,0.006000000000001338,0.007825157851117096,0.15511497330135185,-0.6204039609721969,0.9425221519619331,-0.3727263134514581,-0.1553106440116885,-0.00638019235698433,-0.1268124526892145,-0.4600114153178032,0.862206738840285,-0.45260041182104693,0.12697199127747222
1.2000000000000006,0.04000000000000134,0.006873549015985518,0.13650116480261598,-0.5600061694168837,0.8554694740639226,-0.3459331599865473,-0.13667304001297653,-0.007177257698383353,-0.14245280647402406,-0.4623073364961104,0.8731388146676378,-0.4613435568581333,0.14263227607731965
1.2200000000000006,0.07400000000000134,0.006111087400346859,0.12151743675614113,-0.5579223738357658,0.8656457981422503,-0.35809518487519454,-0.12167024625295336,-0.008197165764479788,-0.16236291046823736,-0.5395895565003332,0.9892761766184508,-0.5003535474216334,0.16256788346362025
1.2400000000000007,0.10800000000000134,0.005348618679221509,0.10647846643069041,-0.5550991521446599,0.8745009733989475,-0.3696868476337949,-0.10661221008066864,-0.00932207888156142,-0.18417249278592965,-0.6182228105664479,1.1047697315793155,-0.5374077971806367,0.1844055950096217
1.2600000000000007,0.14200000000000135,0.004586143739056934,0.09139081153851288,-0.551557734319046,0.8820650205823739,-0.3807169983137546,-0.09150548922500092,-0.01054346575195894,-0.20765263093454717,-0.6931696794359732,1.2105126125847419,-0.5684415830008758,0.2079162749467645
1.2800000000000007,0.17600000000000135,0.003823663466343966,0.07626116106967554,-0.547316645040198,0.8883624921805326,-0.3911917165274763,-0.07635677269264504,-0.011835869159460418,-0.2322467746571491,-0.7604742656530158,1.3000316386870399,-0.5909380215154959,0.2325427364996041
1.3000000000000007,0.21000000000000135,0.0030611787476106543,0.06109631828536839,-0.5423920128907866,0.8934130935961826,-0.401114623253368,-0.06117286376142313,-0.013150838438252977,-0.25697959472328763,-0.8164317624016377,1.368048522094828,-0.6033158932012312,0.25730843893168975
1.3200000000000007,0.24400000000000135,0.002298690469416061,0.04590318294358335,-0.5367978025956862,0.8972321616660777,-0.4104871269641228,-0.045960662205953046,-0.01441310834593009,-0.2804226103658994,-0.8571333301200408,1.409625991658254,-0.6045269247326912,0.2807830193969242
1.3400000000000007,0.27800000000000136,0.0015361995183440747,0.03068873286926341,-0.5305459833678299,0.8998310248717001,-0.4193086153670086,-0.030727145867805856,-0.015523132541079884,-0.300780307773437,-0.8782240250060552,1.4194945981568203,-0.5936229064399124,0.3011684747466282
1.3600000000000008,0.3120000000000014,0.002029576275647871,0.04053544958481002,-0.5221123657102853,0.8982882711206335,-0.42621704595126,-0.040586199582462436,-0.014827931394645055,-0.28805940011544345,-0.8873274222852378,1.4136014288703864,-0.5784245990387126,0.28843018243779195
1.3800000000000008,0.3460000000000014,0.0027920655984482717,0.05573690799952777,-0.512718293996762,0.8949009595242883,-0.43226049627987384,-0.05580672423046065,-0.013607051367775085,-0.26548730182157454,-0.876448632004156,1.3788693387306534,-0.5542376684870474,0.2658275542401478
1.4000000000000008,0.38000000000000145,0.003554551674696835,0.07091252867081099,-0.5026945506647809,0.8902865552204418,-0.4377180886517965,-0.0710014110741246,-0.012300693905049509,-0.241024315883466,-0.8462119102957414,1.3168799605401937,-0.5221576701598186,0.2413319011891309
1.4200000000000008,0.4140000000000015,0.004317033617825027,0.08605538215299292,-0.49203999220180145,0.8844311717099393,-0.4425770465027355,-0.0861633306511577,-0.010993450973426357,-0.21624633551011377,-0.7997603397766568,1.2330287548624406,-0.48446172747520544,0.2165212318231709
1.4400000000000008,0.4480000000000015,0.005079510541293152,0.10115862906137292,-0.48075117617007435,0.8773166935471917,-0.446822655402758,-0.10128564356023026,-0.009743029744024825,-0.19228953328182852,-0.7404070835368122,1.1327433679775383,-0.4432759301931388,0.1925331617090989
1.4600000000000009,0.48200000000000154,0.005841981558596533,0.11621553809115322,-0.4688221071792858,0.8689203419550435,-0.45043808283970604,-0.11636161847991704,-0.008582353693705705,-0.1698495134769519,-0.67186752799935,1.0222742609100357,-0.4011373489499921,0.17006411834666774
1.4800000000000009,0.5160000000000016,0.006604445783271691,0.13121950330729024,-0.4562439133162059,0.8592141073059683,-0.4534041344368302,-0.13138464945854125,-0.0075252199880136055,-0.14925915865773293,-0.5987607148495817,0.9098868878258806,-0.36168882457847906,0.1494473292485271
1.5000000000000009,0.5500000000000016,0.007466324667819529,0.14810809338083197,-0.48451979021558184,0.9066563771694849,-0.47269051401328294,-0.14829479126112394,-0.006649296389537458,-0.13210030181513177,-0.5594714178238633,0.8586016667162033,-0.349570077321269,0.13226656947750204
1.520000000000001,0.5840000000000016,0.008517245110141809,0.16858537528352566,-0.5628347663827391,1.023790369149487,-0.511675253800733,-0.1687983520697263,-0.0058868325920338116,-0.11709965371105102,-0.5571677654704555,0.8683859487370023,-0.3615632516852838,0.11724685561894437
1.540000000000001,0.6180000000000017,0.009672057288250921,0.19092276647331335,-0.6408373201029643,1.137207048037749,-0.5472958579807793,-0.19116462017766422,-0.005124361949758451,-0.10204567746933388,-0.5541312337619101,0.8768585224950609,-0.3729889759226458,0.10217381349435539
1.560000000000001,0.6520000000000017,0.010917894019694957,0.21480559949562267,-0.7139240205048766,1.238776083944937,-0.5760292171202145,-0.2150786064345544,-0.004361885349172232,-0.08694497112924024,-0.5503822197025143,0.8840477262939856,-0.3838552484328045,0.08705404115962746
1.580000000000001,0.6860000000000017,0.012223128933837774,0.23956220897983752,-0.7782786965932154,1.3224903193250803,-0.5956827831507856,-0.23986785468427588,-0.0035994036767775816,-0.07180425909181277,-0.5459385148826804,0.8899766294651692,-0.3941673965302368,0.0718942630324249
1.600000000000001,0.7200000000000017,0.01353162531767638,0.26408339713296475,-0.8301714318010123,1.383245298380834,-0.6048710891794538,-0.2644217634205767,-0.0028369178191123097,-0.05663037487631114,-0.5408155904224693,0.8946636085593962,-0.4039283675250699,0.05670131264864586
1.620000000000001,0.7540000000000018,0.014760309686500064,0.2868168341678548,-0.8655815984516733,1.4160770775589093,-0.6026269010475647,-0.2871859255027492,-0.002074428662743422,-0.04143024314105781,-0.5350268092489399,0.8981227888930725,-0.4131389578491983,0.04148211468323265
1.640000000000001,0.7880000000000018,0.015581309695201436,0.30184036086003946,-0.8816598016919384,1.418462042709671,-0.5891718396458936,-0.3022299826530786,-0.001491347045167441,-0.029793251591589652,-0.5283639231354892,0.8999460799498569,-0.421604374500812,0.02983054304400469
1.660000000000001,0.8220000000000018,0.014483685029452291,0.28172431345085347,-0.886320089303338,1.4065528982815787,-0.5722866492416578,-0.2820864873586932,-0.0022538381258571994,-0.045008736811326354,-0.5194147854479996,0.897418721856909,-0.4280546661981428,0.04506509452998598
1.680000000000001,0.8560000000000019,0.013227419840618312,0.25841042554611793,-0.8694260030056804,1.3632186653494789,-0.5455113128073468,-0.25874118477176855,-0.003016326585822204,-0.06020331978695724,-0.5098355075662513,0.8936717064602009,-0.433927022833557,0.060278743722715106
1.700000000000001,0.8900000000000019,0.011913200739940703,0.2337096410219258,-0.8340891143693852,1.2942508280445795,-0.5115602161897836,-0.23400753662488727,-0.003778811538477291,-0.07537001868737137,-0.49962644780782717,0.8886939320733345,-0.43920995643366223,0.07546450877443145
1.720000000000001,0.9240000000000019,0.01061787691176292,0.20907590433116593,-0.7834870879981864,1.2049830905130472,-0.4726100450503573,-0.20934140906207802,-0.004541292097261768,-0.09050192864642019,-0.48878580925776893,0.8824703065595543,-0.44389013587866766,0.09061548480236763
1.740000000000001,0.958000000000002,0.009391410825469591,0.1855111166825322,-0.7210186037361375,1.1009913056982703,-0.43084632072251905,-0.18574595260393845,-0.0053037673756455945,-0.10559224022765532,-0.4773094278448258,0.8749813934810282,-0.44795224509842657,0.10572486235343607
1.7600000000000011,0.992000000000002,0.008260450664891653,0.16359421659746926,-0.6505963258050722,0.9889683941825784,-0.3890492641652703,-0.16380077207182453,-0.006066236487135572,-0.1206342572403994,-0.4651904992031419,0.8662029411350156,-0.45137878539563236,0.1207859452203364
1.7800000000000011,0.02600000000000202,0.007234353693731714,0.14357056866237802,-0.5772583890571674,0.8780948854305679,-0.35135671265080415,-0.1437514659815284,-0.0068286985452815155,-0.13562141379453457,-0.45241923189228755,0.8561052705983343,-0.4541498104433371,0.13579216749631992
1.8000000000000012,0.060000000000002024,0.006425043094301421,0.12769426620930663,-0.5588712688780753,0.8616174640527152,-0.3531569754894873,-0.1278549263111395,-0.0077644397805260905,-0.15393040176618603,-0.5072511121267043,0.9408735061292908,-0.48422117143601384,0.15412455418539125
1.8200000000000012,0.09400000000000203,0.005662577191612166,0.11267725656433289,-0.5563497787622553,0.8710126691626172,-0.36498225104106097,-0.1128188508722009,-0.008846394416505593,-0.1749704253394029,-0.5860403856747293,1.0579561541849847,-0.5226916827549223,0.17519163272802443
1.8400000000000012,0.12800000000000203,0.0049001047048702956,0.09760884527908609,-0.5531016990392239,0.87910508798526,-0.3762427262581719,-0.09773137366948495,-0.010030033307212008,-0.1978090933310409,-0.6630218393634009,1.1686062874169407,-0.5565797195889057,0.19805989851784636
1.8600000000000012,0.16200000000000203,0.004137626520549543,0.08249566930031103,-0.5491466259484163,0.8859214402481896,-0.38694557953413433,-0.08259913166636712,-0.011297624572118015,-0.22203709802378693,-0.733922698191186,1.2654894564422727,-0.5828261958088233,0.2223196004975243
1.8800000000000012,0.19600000000000203,0.003375143525163373,0.06734448694767195,-0.5445016425319441,0.8914833617704496,-0.3970954109727086,-0.06742888319913568,-0.012610854894487959,-0.24686031875943626,-0.7950071682612541,1.3429620409843857,-0.5995194061702702,0.24717566000631336
1.9000000000000012,0.23000000000000204,0.0026126566052588297,0.052162160442451984,-0.5391815807331514,0.8958079383032627,-0.40669451396990275,-0.05222749050571199,-0.013905661041051212,-0.27103475332932286,-0.8424885624007009,1.396029938360089,-0.6054374860307791,0.2713824728984288
1.9200000000000013,0.264000000000002,0.0018501666474103312,0.03695563773349243,-0.5331992147297563,0.8989081119996842,-0.4157430882152148,-0.03700190155155778,-0.015091589662877684,-0.29289541743962466,-0.8722175659894155,1.419645326967167,-0.5996538679291582,0.29327279296089476
1.9400000000000013,0.29800000000000204,0.001715609347437491,0.034270149455406074,-0.5257973384755411,0.8993288433052835,-0.42356090480876185,-0.034313048637309156,-0.015281514307108288,-0.2963702962969208,-0.8854544545034715,1.4186043216108395,-0.5854311260836838,0.29675242119740025
1.9600000000000013,0.33200000000000207,0.00247809974936011,0.04948021550313598,-0.516662707891035,0.8964436904375455,-0.42984230354416575,-0.04954218093855468,-0.014125792870461215,-0.27511335729764347,-0.8834490407050126,1.3967941130539467,-0.5653005505259372,0.27546658157946047
1.9800000000000013,0.3660000000000021,0.0032405872697954577,0.06466731894987159,-0.5068982558825383,0.8923360125479465,-0.43554257333223756,-0.06474835058476407,-0.0128429415974035,-0.251216080057653,-0.8608074760916423,1.3453534472003892,-0.5361677075527321,0.2515372249160553
2.0000000000000013,0.40000000000000213,0.0040030710221649266,0.07982449865095893,-0.4965037256433347,0.8869935648456755,-0.44064969587631236,-0.07992459641463959,-0.011527524820648859,-0.22640385187504117,-0.8206444732899011,1.269864202366803,-0.5005302842534501,0.22669210323976927
2.0200000000000014,0.43400000000000216,0.004765550119916198,0.09494487591786,-0.4854766485805744,0.8804000190570385,-0.4451497732878541,-0.09506403972302178,-0.010248414787908108,-0.20200077730390364,-0.7661842195435711,1.1756567910188938,-0.4605112084619909,0.20225704330567978
2.0400000000000014,0.4680000000000022,0.005528023676529423,0.11002167280430385,-0.47381211544238505,0.8725345771664319,-0.4490268708309996,-0.11015990254700163,-0.009048167122759625,-0.1788774527783841,-0.7009350668279842,1.0685288148019638,-0.4184051747606353,0.179103705636743
2.0600000000000014,0.5020000000000022,0.006290490805523414,0.12504822970974178,-0.46150248300177665,0.8633714618232688,-0.452262800801587,-0.1252055252694081,-0.00794769317928717,-0.1575042199599815,-0.6290589924322769,0.95573234960922,-0.3773005552002038,0.15770295473950166
2.0800000000000014,0.5360000000000023,0.007064132473598848,0.14023710842374174,-0.4536153079626479,0.8600184521758298,-0.45689928639811145,-0.1404137492712403,-0.006963249874252453,-0.13826002539836715,-0.5602016144173141,0.8541837881063876,-0.34446431346382445,0.1384341436243174
2.1000000000000014,0.5700000000000023,0.008071695714957274,0.15992022785645518,-0.5303113714063368,0.9754301077770173,-0.49576553260566847,-0.1601220633950765,-0.006200789152829717,-0.12328322089149751,-0.5582063453451058,0.8645177964453263,-0.35669416380215724,0.12343827342067244
2.1200000000000014,0.6040000000000023,0.009184434015348835,0.18151294199493495,-0.6090797859743897,1.0915434717395631,-0.5332995345454554,-0.18174260230626116,-0.0054383212216354984,-0.10825041199918632,-0.5554689570201611,0.8735267296641411,-0.3683524113984008,0.10838639869634485
2.1400000000000015,0.6380000000000023,0.01039540776458378,0.20481816481813117,-0.6846772048744835,1.1988041385554082,-0.5651952647010253,-0.20507810650794636,-0.00467584696711174,-0.09316813991054607,-0.5520110221994112,0.8812413004413346,-0.3794482563192525,0.0932850606570763
2.1600000000000015,0.6720000000000024,0.011681476419509638,0.2293231285528876,-0.7530727737916414,1.29051971254731,-0.588792271136253,-0.22961522963914377,-0.0039133672757445045,-0.07804307903796294,-0.5478513661356521,0.887686669287048,-0.38998808651641004,0.07814093373187941
2.1800000000000015,0.7060000000000024,0.012997168764103896,0.2541052149168444,-0.8105614038802353,1.3613229599952044,-0.6024218464629114,-0.254430216418725,-0.0031508830340577754,-0.06288202010765034,-0.5430063858986124,0.8928830845067992,-0.3999757982919412,0.06296080866359687
2.2000000000000015,0.7400000000000024,0.014270408026085181,0.27778768785285785,-0.8532736036114748,1.4062716338988697,-0.6049929801464873,-0.27814452844909215,-0.00238839512860729,-0.04769185246999197,-0.5374902909091505,0.8968463760838894,-0.4094130494934338,0.0477515748192462
2.2200000000000015,0.7740000000000025,0.015404059561157875,0.298608488182084,-0.8769161635403058,1.4201728664764364,-0.5955738824982044,-0.29899367753255923,-0.001625904445974339,-0.03247954574071349,-0.5313152782533692,0.8995883287901236,-0.4182994571829346,0.03252020183118837
2.2400000000000015,0.8080000000000025,0.014961172533088367,0.2905050577643049,-0.8871906954845675,1.4156258980355407,-0.5806238039799935,-0.290879171993928,-0.0019398714771392382,-0.03874566832032796,-0.5231761294942219,0.8986066059803477,-0.42546806200847576,0.03879417522848391
2.2600000000000016,0.8420000000000025,0.01375701562499846,0.2682753957278942,-0.8787931449992924,1.3844785194266158,-0.5575418854720043,-0.2686193982095479,-0.002702361123599288,-0.05394970739154426,-0.513856160889052,0.8953629292156551,-0.4315796818527303,0.054017280539047086
2.2800000000000016,0.8760000000000026,0.012455824066661831,0.2439453739981104,-0.8506725310547907,1.325409522243128,-0.5262638603020506,-0.24425683851448893,-0.003464847627811287,-0.0691287290100007,-0.5039065136799794,0.8908935314394757,-0.4371068258507105,0.06921536833790971
2.3000000000000016,0.9100000000000026,0.011145167338648563,0.21913653409385117,-0.8059613449774388,1.243855507321479,-0.4891202418797358,-0.21941522422256662,-0.00422733010320372,-0.08427579434898079,-0.4933263009128259,0.8851850004690216,-0.44203693612712247,0.0843814997817282
2.3200000000000016,0.9440000000000026,0.009885918221016416,0.19503902504248796,-0.7479440728493673,1.1452037337968883,-0.4482268064645035,-0.19528622651206903,-0.0049898076632331765,-0.09938405248018567,-0.482112362581529,0.8782197386027399,-0.44635553448039034,0.0995088239255662
2.3400000000000016,0.9780000000000026,0.008713655549581775,0.17239717748251018,-0.6802695435656632,1.0355567475659075,-0.40604017937122694,-0.172615065644008,-0.005752279421390536,-0.11444675847103722,-0.4702590189694229,0.8699755423358368,-0.45004604889519373,0.11459059582022023
2.3600000000000017,0.012000000000002675,0.007644100633149658,0.15158137450909823,-0.6074118360787665,0.9228604376826821,-0.3660290679186934,-0.15177251777807008,-0.006514744491207154,-0.12945729076599696,-0.4577577559768338,0.8604250518792917,-0.4530895778970592,0.12962019389352294
2.3800000000000017,0.04600000000000268,0.006738997521634126,0.13386127680761226,-0.5596932018711467,0.8573628109086417,-0.34812133087233366,-0.13402978749070704,-0.00734961932132749,-0.14582600699752804,-0.47556103156077323,0.8931435023859078,-0.46811930771086796,0.14600978659615094
2.4000000000000017,0.08000000000000268,0.005976534587675022,0.11886732991998669,-0.5574772453779131,0.8673035447367838,-0.36018192659992565,-0.11901677486480486,-0.008388118201135468,-0.16607665876521086,-0.5535339020923286,1.0100126637609192,-0.5071769064387325,0.16628640664834357
2.4200000000000017,0.11400000000000268,0.005214064704657711,0.10381928773277103,-0.5545258222763041,0.8759288575044946,-0.37167393945254323,-0.1039496668089592,-0.00953107752925009,-0.18820567817977724,-0.6318374049248083,1.1243470828814628,-0.5434092430293687,0.18844400657450006
2.4400000000000017,0.14800000000000268,0.004451588759037752,0.08872373232348993,-0.5508596587529307,0.8832677525663026,-0.3826057045716149,-0.08883504541732715,-0.010767426710743927,-0.21193375893923327,-0.7057077610709118,1.2276490685798054,-0.5730865990473467,0.21220300330104366
2.4600000000000017,0.1820000000000027,0.0036891076373130023,0.07358737410674716,-0.5464968365753767,0.8893438863474294,-0.3929828470829191,-0.07367962112114278,-0.012068070975118642,-0.23663622032930412,-0.771280621483151,1.3137383288393478,-0.5938922964025716,0.23693798863407445
2.4800000000000018,0.2160000000000027,0.0029266222260174294,0.05841703468432596,-0.541453087560216,0.8941761621986979,-0.4028085813131814,-0.05849021553881065,-0.013379984275343822,-0.2612576752332454,-0.8248402629130908,1.3774488626337449,-0.6043664471054621,0.2615922495332691
2.5000000000000018,0.25000000000000266,0.0021641334117149264,0.043219628946788866,-0.5357420137078927,0.8977791864938744,-0.41208394660685155,-0.04327374357753769,-0.014623179172835796,-0.2842942272620608,-0.8624129423403326,1.4138341300993251,-0.6035139813015458,0.28465988943478676
2.520000000000002,0.2840000000000027,0.0014016420809932458,0.02800214654022544,-0.5293752453361459,0.9001636099342329,-0.4208079903772023,-0.028037194900025025,-0.015694832000302413,-0.3039068468765003,-0.8795464356379075,1.4174881645266113,-0.5903451871791809,0.3042993074920233
2.540000000000002,0.3180000000000027,0.0021641334117150465,0.043219628946791246,-0.52050035929106,0.8977791864938744,-0.4273256010236842,-0.043273743577540255,-0.014623179172835616,-0.2842942272620574,-0.8869511071688672,1.40970641949531,-0.5748481058689983,0.284659889434784
2.560000000000002,0.35200000000000276,0.0029266222260175513,0.05841703468432838,-0.5109951570981868,0.8941761621986966,-0.4332665117752116,-0.05849021553881444,-0.013379984275343612,-0.26125767523324156,-0.872430991019379,1.3697523810409329,-0.5490792374063618,0.2615922495332652
2.580000000000002,0.3860000000000028,0.0036891076373131246,0.07358737410674959,-0.5008602392035332,0.8893438863474286,-0.43861944445476175,-0.07367962112114429,-0.01206807097511843,-0.2366362203293001,-0.8391014684034065,1.3035208934608156,-0.5158540141037838,0.23693798863407017
2.600000000000002,0.4200000000000028,0.0044515887590378745,0.08872373232349236,-0.49009407216665424,0.8832677525663013,-0.44337129115788565,-0.08883504541732715,-0.010767426710743724,-0.2119337589392294,-0.7901249875722149,1.216363363999118,-0.47738366796535625,0.21220300330103944
2.620000000000002,0.45400000000000285,0.005214064704657835,0.10381928773277348,-0.47869278330124543,0.8759288575044941,-0.44750697842760356,-0.10394966680896349,-0.009531077529249895,-0.1882056781797735,-0.7288634504610284,1.1137879955094352,-0.435824110121121,0.18844400657449648
2.640000000000002,0.4880000000000029,0.005976534587675147,0.11886732991998912,-0.4666498953033916,0.8673035447367825,-0.4510092766744458,-0.11901677486480766,-0.008388118201135289,-0.1660766587652074,-0.6591449360591194,1.0022976566212018,-0.393850865332222,0.16628640664833955
2.660000000000002,0.5220000000000029,0.006738997521634251,0.1338612768076147,-0.4539559889258252,0.85736281090864,-0.45385854381765334,-0.13402978749070954,-0.007349619321327329,-0.14582600699752485,-0.5858297802328111,0.8906861575594269,-0.3553932142123515,0.14600978659614866
2.680000000000002,0.5560000000000029,0.007644100633149823,0.15158137450910145,-0.49810904058426897,0.9271268764389125,-0.47959830216942345,-0.1517725177780745,-0.006514744491207029,-0.12945729076599452,-0.5591191357183752,0.8604250518792944,-0.3517281981555205,0.12962019389352036
2.700000000000002,0.590000000000003,0.008713655549581959,0.17239717748251374,-0.5767712722308749,1.0443469838480568,-0.5183286869881645,-0.17261506564401122,-0.005752279421390411,-0.11444675847103478,-0.5566845435890224,0.8699755423358373,-0.36362052427559466,0.11459059582021829
2.720000000000002,0.624000000000003,0.009885918221016617,0.1950390250424918,-0.6542060734339611,1.1561819070972639,-0.5529429791802852,-0.19528622651207303,-0.004989807663233052,-0.09938405248018319,-0.5535208761125738,0.8782197386027413,-0.37494702094934906,0.09950882392556508
2.740000000000002,0.658000000000003,0.011145167338648775,0.21913653409385525,-0.726019849033089,1.2549987509120488,-0.5802049814146554,-0.21941522422257073,-0.004227330103203597,-0.08427579434897833,-0.5496480461285893,0.8851850004690229,-0.3857151909113604,0.08438149978172556
2.760000000000002,0.6920000000000031,0.012455824066662052,0.24394537399811445,-0.7884511250751688,1.3350197194567266,-0.5980954634952734,-0.24425683851449354,-0.0034648476278111634,-0.06912872900999821,-0.5450834172818362,0.890893531439477,-0.3959299222488595,0.06921536833790971
2.780000000000002,0.7260000000000031,0.01375701562499867,0.2682753957278981,-0.837739338609268,1.3912138073731521,-0.6053309798085651,-0.26861939820955166,-0.002702361123599164,-0.053949707391541785,-0.5398420750983288,0.8953629292156551,-0.40559376764345567,0.054017280539047086
2.800000000000002,0.7600000000000031,0.014961172533088549,0.29050505776430824,-0.8697885370142218,1.4185738003203898,-0.6009738647351861,-0.2908791719939311,-0.0019398714771391137,-0.03874566832032548,-0.5339370277800273,0.8986066059803477,-0.41470716372267036,0.03879417522848105
2.820000000000002,0.7940000000000031,0.0154040595611577,0.29860848818208086,-0.8841883314647829,1.4189324482671197,-0.5870612963644128,-0.2989936775325562,-0.0016259044459744632,-0.03247954574071598,-0.5268305312730239,0.8995883287901232,-0.4227842041632772,0.03252020183118837
2.840000000000002,0.8280000000000032,0.014270408026084981,0.2777876878528541,-0.8848160465214598,1.4010128560165678,-0.5681917593541981,-0.2781445284490881,-0.002388395128607415,-0.04769185246999445,-0.5177700764699606,0.896846376083889,-0.42913326393262763,0.04775157481925318
2.860000000000002,0.8620000000000032,0.012997168764103683,0.25410521491684035,-0.8644413237703138,1.3527565299272195,-0.5399754965048503,-0.25443021641872143,-0.0031508830340579003,-0.06288202010765281,-0.5080796936387344,0.8928830845067992,-0.4349024905518214,0.06296080866360215
2.880000000000002,0.8960000000000032,0.011681476419509427,0.22932312855288356,-0.8261756538530942,1.2798211386625835,-0.5049908171900714,-0.22961522963913938,-0.003913367275744629,-0.0780430790379654,-0.4977593737531573,0.8876866692870475,-0.4400800788989066,0.07814093373188226
2.900000000000002,0.9300000000000033,0.010395407764583578,0.20481816481812729,-0.7732230995928224,1.1875313398116425,-0.4653765712389206,-0.20507810650794253,-0.004675846967111865,-0.09316813991054854,-0.4868069191765229,0.8812413004413333,-0.44465235934213726,0.09328506065707748
2.920000000000002,0.9640000000000033,0.009184434015348646,0.18151294199493123,-0.7090448497522006,1.0815866484608625,-0.42337764748894613,-0.1817426023062581,-0.005438321221635623,-0.10825041199918876,-0.47521772166382964,0.8735267296641398,-0.4486036467547309,0.1083863986963469
2.940000000000002,0.9980000000000033,0.008071695714957102,0.15992022785645185,-0.6376962437035016,0.9690003695192813,-0.3819509220507653,-0.16012206339507234,-0.006200789152829842,-0.12328322089150001,-0.46298447725187336,0.8645177964453259,-0.45191603189538704,0.12343827342067425
2.960000000000002,0.03200000000000336,0.007064132473598693,0.14023710842373865,-0.5645091734844714,0.8595877370415494,-0.34557470574200755,-0.14041374927123715,-0.006963249874252577,-0.13826002539836957,-0.4500968248485187,0.8541837881063854,-0.4545691030326198,0.13843414362432063
2.980000000000002,0.06600000000000336,0.006290490805523289,0.12504822970973933,-0.5584800488885098,0.8633714618232706,-0.35528523491485786,-0.12520552526940631,-0.007947693179287342,-0.15750421995998484,-0.5210589348191632,0.9615877521222647,-0.4911560153263621,0.1577029547395045
3.000000000000002,0.10000000000000336,0.0055280236765292996,0.11002167280430139,-0.5558287920443344,0.8725345771664323,-0.3670101942290507,-0.1101599025469996,-0.009048167122759816,-0.17887745277838776,-0.5998915829316177,1.0781915941578046,-0.5291114380128404,0.1791037056367461
3.0200000000000022,0.13400000000000337,0.004765550119916073,0.09494487591785757,-0.5524546004251532,0.8804000190570398,-0.3781718214432723,-0.09506403972301593,-0.010248414787908307,-0.20200077730390756,-0.676084738813211,1.1868790946059191,-0.5618329927793742,0.20225704330568312
3.0400000000000023,0.16800000000000337,0.004003071022164805,0.07982449865095652,-0.548376604253969,0.8869935648456764,-0.38877681726567903,-0.07992459641463681,-0.011527524820649065,-0.22640385187504508,-0.7455205423674262,1.2807178913293489,-0.586507904138471,0.2266921032397732
3.0600000000000023,0.20200000000000337,0.0032405872697953354,0.06466731894986916,-0.5436114724015273,0.8923360125479469,-0.39882935681325127,-0.06474835058476235,-0.01284294159740371,-0.25121608005765694,-0.8044870217720683,1.354239814512457,-0.601374529184372,0.25153722491605846
3.0800000000000023,0.23600000000000337,0.0024780997493599882,0.04948021550313355,-0.5381736614002036,0.8964436904375463,-0.4083313500350002,-0.04954218093855468,-0.014125792870461415,-0.2751133572976472,-0.8491506141592323,1.4024886863087933,-0.6052935503265641,0.2754665815794642
3.1000000000000023,0.27000000000000335,0.0017156093474373713,0.03427014945540368,-0.532075597860415,0.899328843305284,-0.4172826454238884,-0.034313048637305915,-0.015281514307108456,-0.2963702962969238,-0.8752774474221467,1.420337368916851,-0.5973411804710222,0.2967524211974037
3.1200000000000023,0.3040000000000034,0.0018501666474104504,0.03695563773349481,-0.5242311636449676,0.8989081119996842,-0.4247111393000035,-0.03700190155156078,-0.015091589662877512,-0.29289541743962155,-0.8867378603605678,1.4171799395845461,-0.5826681861753831,0.29327279296089126
3.1400000000000023,0.3380000000000034,0.0026126566052589524,0.05216216044245444,-0.5149853148690811,0.8958079383032618,-0.43089077983396995,-0.05222749050571199,-0.01390566104105101,-0.27103475332931914,-0.8808646547526758,1.3897020735383052,-0.560733528857016,0.27138247289842427
3.1600000000000024,0.37200000000000344,0.0033751435251634957,0.06734448694767438,-0.5051097517210819,0.8914833617704487,-0.43648730178357,-0.06742888319913733,-0.01261085489448775,-0.24686031875943226,-0.8549033611285475,1.3336279361431194,-0.5302891084617105,0.24717566000630928
3.1800000000000024,0.40600000000000347,0.004137626520549664,0.08249566930031346,-0.4946038411916053,0.8859214402481883,-0.44148836429094185,-0.08259913166636847,-0.01129762457211781,-0.22203709802378302,-0.8119778064241532,1.2544448529835792,-0.4937264841171627,0.22231960049752078
3.2000000000000024,0.4400000000000035,0.0049001047048704205,0.09760884527908856,-0.4834647023044218,0.8791050879852582,-0.44587972299297224,-0.09773137366948723,-0.010030033307211807,-0.197809093331037,-0.755346522666708,1.1575099257552948,-0.45315867462395487,0.19805989851784242
3.2200000000000024,0.47400000000000353,0.0056625771916122905,0.11267725656433533,-0.47168696667819204,0.871012669162615,-0.44964506312512426,-0.11281885087220385,-0.00884639441650541,-0.1749704253393993,-0.6885979706106828,1.0487930169506776,-0.41097096058466365,0.17519163272802127
3.2400000000000024,0.5080000000000036,0.006425043094301546,0.1276942662093091,-0.45926247254551683,0.8616174640527139,-0.4527657718220444,-0.12785492631114212,-0.007764439780525922,-0.15393040176618275,-0.6160731328800337,0.9359451066381235,-0.37047075119151707,0.15412455418538762
3.2600000000000025,0.5420000000000036,0.007234353693731872,0.14357056866238116,-0.4666983131059087,0.8797673206911703,-0.463589223862663,-0.14375146598153074,-0.006828698545281391,-0.13562141379453213,-0.5599044816353106,0.8561052705983356,-0.3466645607003176,0.13579216749631828
3.2800000000000025,0.5760000000000036,0.00826045066489183,0.1635942165974727,-0.5442352387661407,0.9961948753927756,-0.5026368324144013,-0.1638007720718286,-0.0060662364871354475,-0.12063425724039693,-0.5577765492463164,0.8662029411350174,-0.3587927353524619,0.12078594522033455
3.3000000000000025,0.6100000000000037,0.009391410825469782,0.18551111668253592,-0.6227751896754157,1.1113319309460952,-0.5394303600310635,-0.18574595260394205,-0.0053037673756454705,-0.10559224022765283,-0.5549105211839168,0.8749813934810304,-0.37035115175933775,0.10572486235343397
3.3200000000000025,0.6440000000000037,0.01061787691176313,0.20907590433116988,-0.6973765388185748,1.2162827352659356,-0.5700202389828574,-0.2093414090620823,-0.004541292097261643,-0.09050192864641773,-0.551327458130838,0.8824703065595556,-0.38134848700559765,0.09061548480236395
3.3400000000000025,0.6780000000000037,0.011913200739940916,0.23370964102192987,-0.7641165955359787,1.3046763653671551,-0.5919582723457616,-0.23400753662489016,-0.0037788115384771665,-0.0753700186873689,-0.5470457360884122,0.8886939320733354,-0.39179066815307806,0.07546450877442851
3.3600000000000025,0.7120000000000037,0.013227419840618522,0.2584104255461218,-0.8192883691588193,1.3712747088747492,-0.6037049901794782,-0.2587411847717725,-0.0030163265858220794,-0.06020331978695478,-0.5420813506027224,0.8936717064602022,-0.4016811797970872,0.06027874372271327
3.3800000000000026,0.7460000000000038,0.014483685029452487,0.281724313450857,-0.8589621417875174,1.4111396378863916,-0.6042313363622936,-0.2820864873586972,-0.0022538381258570745,-0.04500873681132386,-0.5364481449263987,0.8974187218569094,-0.41102130671974857,0.04506509452998844
3.4000000000000026,0.7800000000000038,0.015581309695201596,0.3018403608600424,-0.8787511814752333,1.4189591645596247,-0.5925775817125523,-0.3022299826530816,-0.0014913470451673166,-0.029793251591587168,-0.5301579749289673,0.8999460799498569,-0.41981032270733387,0.029830543044000967
3.4200000000000026,0.8140000000000038,0.014760309686499875,0.28681683416785125,-0.8872788626579573,1.4124161996881324,-0.5772687589705059,-0.287185925502746,-0.002074428662743546,-0.041430243141060294,-0.5215772112805789,0.8981227888930721,-0.4265885558175566,0.04148211468323265
3.4400000000000026,0.8480000000000039,0.01353162531767617,0.2640833971329608,-0.8751755715245217,1.3759229857942719,-0.55254463686938,-0.2644217634205725,-0.002836917819112434,-0.056630374876313616,-0.5121460932612967,0.8946636085593958,-0.43259786468624206,0.05670131264864782
3.4600000000000026,0.8820000000000039,0.012223128933837563,0.2395622089798334,-0.8438970470929517,1.3125011674464158,-0.5200752807723892,-0.2398678546842726,-0.003599403676777706,-0.07180425909181525,-0.5020852962386473,0.8899766294651683,-0.43802061517426905,0.07189426303242799
3.4800000000000026,0.9160000000000039,0.010917894019694745,0.21480559949561873,-0.7965923673326426,1.227529179421671,-0.4821139657691801,-0.21507860643455023,-0.004361885349172356,-0.08694497112924271,-0.4913935474138358,0.8840477262939852,-0.4428439207214804,0.08705404115962874
3.5000000000000027,0.950000000000004,0.009672057288250727,0.19092276647330958,-0.7365901404270654,1.1264588066506036,-0.4407947962695329,-0.19116462017766012,-0.005124361949758574,-0.10204567746933632,-0.48006726182590426,0.87685852249506,-0.44705294785865074,0.10217381349435865
3.5200000000000027,0.984000000000004,0.008517245110141628,0.1685853752835222,-0.6676415288145471,1.0156204567023708,-0.3986985789218066,-0.16879835206972232,-0.0058868325920339365,-0.11709965371105348,-0.46810028458272784,0.8683859487369996,-0.4506307325730066,0.11724685561894627
3.5400000000000027,0.018000000000004013,0.007466324667819365,0.1481080933808288,-0.5944427351137619,0.9034490103868822,-0.3595602023325002,-0.1482947912611202,-0.006649296389537583,-0.13210030181513424,-0.4554835627606431,0.8586016667162011,-0.4535579323844848,0.13226656947750287
3.5600000000000027,0.052000000000004015,0.006604445783271568,0.13121950330728774,-0.5593565995309386,0.8592141073059705,-0.3502914482221019,-0.13138464945853956,-0.00752521998801377,-0.14925915865773615,-0.48903099151007395,0.9134560918536083,-0.47498775194571013,0.1494473292485286
3.5800000000000027,0.08600000000000402,0.005841981558596407,0.11621553809115075,-0.5570092206969722,0.8689203419550453,-0.3622509693220214,-0.11636161847991416,-0.008582353693705885,-0.16984951347695543,-0.5674832926627629,1.0306591597543968,-0.5139064831309403,0.17006411834667168
3.6000000000000028,0.12000000000000402,0.005079510541293028,0.10115862906137045,-0.553930240674625,0.8773166935471934,-0.3736435908982113,-0.10128564356022916,-0.009743029744025019,-0.1922895332818323,-0.6453118605068787,1.143575360744244,-0.54920314598978,0.19253316170910298
3.6200000000000028,0.15400000000000402,0.0043170336178249055,0.08605538215299051,-0.5501398938186991,0.8844311717099402,-0.38447714488583873,-0.08616333065115511,-0.010993450973426562,-0.21624633551011774,-0.7179871805700947,1.2442471011066714,-0.5774532329259962,0.216521231823174
3.640000000000003,0.18800000000000403,0.0035545516746967125,0.07091252867080859,-0.5456558281111497,0.8902865552204431,-0.3947568112054246,-0.07100141107411989,-0.012300693905049722,-0.24102431588347006,-0.781713574939635,1.326747588805235,-0.5965236337809662,0.2413319011891346
3.660000000000003,0.22200000000000403,0.00279206559844815,0.055736907999525326,-0.5404933854272327,0.8949009595242887,-0.40448540484940587,-0.05580672423045866,-0.01360705136777529,-0.2654873018215783,-0.8327521107930451,1.3859993187797157,-0.6050641697472205,0.2658275542401512
3.680000000000003,0.256000000000004,0.0020295762756477515,0.040535449584807634,-0.5346658099456322,0.8982882711206335,-0.4136636017159153,-0.040586199582462436,-0.014827931394645234,-0.2880594001154468,-0.8670577003361842,1.4170262353669976,-0.602119127484375,0.28843018243779467
3.700000000000003,0.29000000000000403,0.0015361995183441944,0.0306887328692658,-0.5278549796587274,0.8998310248717001,-0.4219996190761133,-0.030727145867809467,-0.015523132541079726,-0.30078030777343423,-0.8825874774090877,1.4187492804983102,-0.5885141363783698,0.3011684747466252
3.720000000000003,0.32400000000000406,0.0022986904694161803,0.04590318294358573,-0.518868728612804,0.8972321616660759,-0.4284162009470033,-0.04596066220595546,-0.014413108345929902,-0.28042261036589583,-0.8858924446732241,1.4048129325712129,-0.5709547510924666,0.2807830193969206
3.740000000000003,0.3580000000000041,0.0030611787476107757,0.06109631828537082,-0.5092524150243083,0.8934130935961817,-0.43425422111984546,-0.061172863761424945,-0.013150838438252769,-0.2569795947232836,-0.8678274360333524,1.3598184006658747,-0.5436900981405677,0.25730843893168626
3.760000000000003,0.3920000000000041,0.0038236634663440885,0.07626116106967797,-0.49900627532637354,0.8883624921805318,-0.4395020862412998,-0.07635677269264796,-0.011835869159460206,-0.2322467746571452,-0.8315032900330818,1.2895098016877442,-0.5093871601361343,0.23254273649960025
3.780000000000003,0.42600000000000415,0.004586143739057056,0.09139081153851529,-0.4881283797762451,0.882065020582373,-0.44414635285655457,-0.09150548922500334,-0.010543465751958735,-0.2076526309345433,-0.7801059844701521,1.1992154837725215,-0.47020814915447207,0.20791627494675965
3.800000000000003,0.4600000000000042,0.005348618679221633,0.10647846643069285,-0.47661441720449593,0.8745009733989462,-0.4481715825739575,-0.10661221008067073,-0.009322078881561228,-0.18417249278592593,-0.7170540076174632,1.094549493074334,-0.4283563616246422,0.18440559500961867
3.820000000000003,0.4940000000000042,0.006111087400346983,0.12151743675614357,-0.46445741792999834,0.8656457981422485,-0.4515601407809559,-0.12167024625295428,-0.008197165764479613,-0.16236291046823395,-0.6463053925310182,0.9823066999915921,-0.3866682347640876,0.16256788346361614
3.840000000000003,0.5280000000000042,0.006873549015985645,0.13650116480261845,-0.4516474021640711,0.8554694740639213,-0.4542919272393586,-0.13667304001297897,-0.0071772576983831935,-0.14245280647402092,-0.5729925077271696,0.871871782400031,-0.3493913533594696,0.14263227607731732
3.860000000000003,0.5620000000000043,0.007825157851117268,0.15511497330135515,-0.5118424910575464,0.9477683245949917,-0.48653395599916494,-0.1553106440116914,-0.006380192356984206,-0.1268124526892121,-0.5587434466501721,0.8622067388402868,-0.35386838048867764,0.12697199127746872
3.880000000000003,0.5960000000000043,0.008913298655905738,0.1762665311345222,-0.5906654024286366,1.0647267883034752,-0.5248489894390695,-0.17648941151063388,-0.005617726042459464,-0.11179223809249025,-0.55617862421056,0.8715244701762268,-0.3656601833101091,0.11193271087905743
3.900000000000003,0.6300000000000043,0.01010253813026731,0.19920156383472784,-0.6673983458903843,1.1747469697422903,-0.5583581936486877,-0.19945418206573393,-0.004855253196026414,-0.09672100860178126,-0.5528884401989881,0.879541139215759,-0.3768876851889783,0.09684241546413082
3.920000000000003,0.6640000000000044,0.011374106447503576,0.22349077007517043,-0.7378235820472341,1.270634324070844,-0.5840870764284374,-0.22377518505563576,-0.004092774704161287,-0.08160540877300684,-0.5488923343502528,0.8862831492334089,-0.3875579041293207,0.08170774960524625
3.940000000000003,0.6980000000000044,0.012688294435632876,0.24831476345975792,-0.7982151467543538,1.3468070500412224,-0.6001754145206034,-0.24863204117601037,-0.003330291453379705,-0.06645220352872383,-0.5442072507668533,0.8917718549785234,-0.3976752976537805,0.06653547824158047
3.960000000000003,0.7320000000000044,0.013979437566035906,0.2724027241622259,-0.8447717127934898,1.3982859834280823,-0.6054301814086257,-0.27275228861840645,-0.002567804330230487,-0.051268260642394016,-0.53884789560605,0.8960240883401864,-0.4072420306226314,0.05133246916323189
3.980000000000003,0.7660000000000045,0.015155681227985855,0.294068862655669,-0.8733163751846843,1.4199993630664363,-0.5989276357073142,-0.2944478408915463,-0.0018053142212894678,-0.03606053252655215,-0.5328269267381117,0.8990525580131359,-0.416258185107682,0.036105674799363593
4.000000000000003,0.8000000000000045,0.015218997174380512,0.29522728767708095,-0.8859636909734107,1.418252338426554,-0.5845516824295222,-0.2956078492327127,-0.0017604617879052032,-0.035165369289021337,-0.5252774643990958,0.8991928013122603,-0.42394629375577275,0.03520939001644162
4.020000000000002,0.8340000000000045,0.014052821945592996,0.2737623860151908,-0.8826581336737787,1.3945307668906577,-0.5638083358391002,-0.27411378555323523,-0.0025229520448709288,-0.05037427852156957,-0.5161057554203816,0.8962360049976965,-0.43019380899659754,0.05043736549979382
4.040000000000002,0.8680000000000045,0.012765662125890505,0.24976678682448356,-0.8588992442191035,1.341526653159395,-0.5342299893372442,-0.25008599921434266,-0.0032854393681970833,-0.06555981372681426,-0.5063042677794698,0.8920560709162166,-0.43585953822068946,0.06564196690081199
4.060000000000001,0.9020000000000046,0.011450743429757552,0.22494642605510368,-0.8178042287040218,1.2647878495799134,-0.49827699510349566,-0.22523275742173662,-0.004047922871306436,-0.08071501809358145,-0.4958726198833533,0.8866405228205223,-0.44093135599362865,0.08081623739169269
4.080000000000001,0.9360000000000046,0.010175333877528446,0.20059883341666945,-0.7626081460964085,1.1696512330777584,-0.45806711194368877,-0.20085327196734845,-0.0048104016676484024,-0.09583301835928126,-0.4848082064832986,0.8799727813063059,-0.4453952494915422,0.0959533036932173
4.1000000000000005,0.9700000000000046,0.008980556924232257,0.1775688916805317,-0.6968447431881251,1.0619683855467148,-0.4159230831275105,-0.1777934538973794,-0.0055728748707052425,-0.11090704305910382,-0.4731059663145377,0.8720317708827623,-0.4492351580641475,0.11104639432394595
4.12,0.0040000000000046665,0.00788624220762753,0.1563062476137955,-0.6247330358178353,0.9491187650175381,-0.37500332475654363,-0.15650344577482408,-0.0063353415939982295,-0.12593044008580137,-0.46075808460686507,0.8627914023896119,-0.45243275329862953,0.126088857160002
4.14,0.03800000000000467,0.006918399459035924,0.1373807024332211,-0.5601052154493705,0.8548289826041264,-0.3451997451781912,-0.13755369915163665,-0.007120517776099976,-0.14134165947600763,-0.457945707508164,0.866554660690023,-0.4591130076204454,0.1415197102675357
4.159999999999999,0.07200000000000467,0.006155938288971673,0.12240042507973177,-0.5580656407463416,0.8650840854923492,-0.35739566173173054,-0.12255435609295741,-0.008134247357284288,-0.16113824180813419,-0.5349478660072678,0.9823538389110484,-0.49806276743637745,0.16134164148934443
4.179999999999999,0.10600000000000467,0.005393469961278245,0.10736452413726064,-0.5552852987714488,0.874016087310324,-0.36902060135290304,-0.10749938931103371,-0.009253085598605697,-0.18283974365176264,-0.6136573870072883,1.0981730764050281,-0.5353639758106803,0.18307112064677025
4.199999999999998,0.14000000000000468,0.004630995362400362,0.09227954908432584,-0.5517855901843742,0.8816553533781324,-0.38008358841427337,-0.09239534830100837,-0.010469307006033912,-0.20623333461654958,-0.6889363180062846,1.2046860304424614,-0.56683312495565,0.2064951242226363
4.219999999999998,0.17400000000000468,0.003868515378826477,0.07715218165150797,-0.5475851894111055,0.888026739108867,-0.3905908561532758,-0.07724891481009837,-0.011758623607471617,-0.23078452305396177,-0.7567927392592094,1.2953124187223901,-0.5898826037164605,0.2310785532880308
4.2399999999999975,0.20800000000000468,0.00310603089708262,0.06198921886320343,-0.5427003588707963,0.8931502205190869,-0.4005461627798621,-0.062066885879323366,-0.013074082083277792,-0.2555444131690165,-0.8135224974878352,1.3647309382935002,-0.6028881191515416,0.25587133798622147
4.259999999999997,0.24200000000000468,0.0023435428037262003,0.046797555305441704,-0.5371451853404238,0.8970413803870199,-0.4099510411184901,-0.046856156111344464,-0.014342008579142963,-0.2791102706489998,-0.8552368385394145,1.4080029457394447,-0.6047807375279572,0.27946890172362787
4.279999999999997,0.2760000000000047,0.0015810519853398182,0.03158416473133836,-0.5309317517683222,0.8997117748829013,-0.4188049932987624,-0.03162369927590953,-0.015464041560300961,-0.2997028886540593,-0.8776119890150272,1.419898673360865,-0.5946215414154553,0.3000895779562661
4.299999999999996,0.3100000000000047,0.0019847238803863657,0.03964059083403884,-0.5226453385856493,0.8984495429411172,-0.42584354733402763,-0.039690219287019185,-0.01489489337978431,-0.28928894132033917,-0.8872982481139781,1.4146717788947225,-0.5795431860767141,0.2896613981335618
4.319999999999996,0.34400000000000475,0.002747213366550488,0.05484335169824405,-0.5132883165401532,0.8951340656124125,-0.4319211012019435,-0.05491204638756485,-0.013682188156116493,-0.26688475620386864,-0.8776546995523263,1.3817215608678888,-0.5559035880919762,0.2672268875209804
4.339999999999995,0.3780000000000048,0.003509699658314629,0.07002068484262933,-0.503301622997982,0.8905921881409875,-0.43741349128443074,-0.07010844570837427,-0.012378263846270407,-0.24248546480067146,-0.848470621213967,1.3211831011484416,-0.5242206706301806,0.24279498983276815
4.359999999999995,0.4120000000000048,0.004272181869108753,0.08516565609869249,-0.4926842430578736,0.8848102617319684,-0.44230805057550415,-0.08527248306431198,-0.011069211789958521,-0.21769004251016755,-0.8028835645393485,1.2384712433574327,-0.4867973002342544,0.217966833295923
4.379999999999995,0.44600000000000484,0.005034659112391292,0.10027142027867442,-0.48143287592942363,0.8777704305480438,-0.4465901830639123,-0.10039731325098318,-0.009814318236830313,-0.19366165340483504,-0.7441919972074498,1.1389921406276824,-0.445753460890137,0.19390706445840047
4.399999999999994,0.48000000000000487,0.0057971305016553416,0.11533123923387914,-0.4695416846090563,0.8694502044110957,-0.4502431868985822,-0.11547619810306949,-0.00864782426251417,-0.1711201267257161,-0.6760772184653729,1.0289203380666985,-0.4035848433900868,0.1713363687310874
4.419999999999994,0.5140000000000049,0.0065595951504348275,0.1303384991904436,-0.45700197678536625,0.8598218998529479,-0.4532480146986376,-0.1305025238300806,-0.007584478360439515,-0.1504169169616029,-0.6030842592779317,0.9163583455816378,-0.3638455838779133,0.15060656934155045
4.439999999999993,0.5480000000000049,0.007407791457114987,0.1469637128945287,-0.4800292558532029,0.8998844720221286,-0.470400538771545,-0.14714894711938883,-0.006694146969051698,-0.13298089341444658,-0.559583620305098,0.8579845704794349,-0.34884670573715293,0.13314828258743186
4.459999999999993,0.582000000000005,0.008452499624894954,0.16732774658111663,-0.5581846113263883,1.01690754566201,-0.5094317619932239,-0.16753910436376454,-0.005931683601786742,-0.1179835847634613,-0.557323775181134,0.867847018455318,-0.360873571422762,0.11813190819003995
4.479999999999992,0.616000000000005,0.009601405185999345,0.18956145040050332,-0.6363455632473141,1.1307971649996267,-0.5453643717199972,-0.1898015373932348,-0.0051692133376067375,-0.10293256414510987,-0.5543297622576387,0.8763959122242255,-0.37233242589262217,0.10306182169591022
4.499999999999992,0.650000000000005,0.010842549756164376,0.21336801544138465,-0.7098306330665431,1.2332430429315895,-0.5745735562625909,-0.21363913832548795,-0.004406737062969911,-0.08783442164608538,-0.5506221424761051,0.8836599213195879,-0.3832314352758138,0.0879446132083635
4.519999999999992,0.684000000000005,0.012145583285544286,0.2380994202663157,-0.7748007875184468,1.318153568399003,-0.5948055965694639,-0.23840312685363826,-0.00364425566437641,-0.07269587470397847,-0.5462188520167293,0.8896624076120863,-0.39357607528394234,0.07278700018161982
4.539999999999991,0.7180000000000051,0.01345592978745984,0.26267340275892104,-0.827533863224865,1.3803948045493852,-0.6046384570473926,-0.26300987617782157,-0.0028817700283621365,-0.05752375091036336,-0.5411354919755194,0.8944220102792775,-0.4033694263347434,0.05759581022388248
4.559999999999991,0.7520000000000051,0.014692051294711251,0.2855616433806874,-0.8640330208690526,1.4150126402601582,-0.6030917720847174,-0.28592902780770507,-0.002119281041492549,-0.042324970071822766,-0.5353855445496487,0.8979530945887273,-0.41261240600564375,0.04237796315836421
4.57999999999999,0.7860000000000051,0.01563855035221434,0.3028826665010554,-0.8806463584459034,1.4180422207243841,-0.5897825057696819,-0.3032737196958634,-0.0014464945659903889,-0.02889772233589713,-0.5288706785901566,0.9000569412680184,-0.42120716433523187,0.028933892242057974
4.59999999999999,0.8200000000000052,0.014553716172779686,0.2830149846512157,-0.8866731880782789,1.408184483091053,-0.5735846482142205,-0.2833789097947035,-0.0022089857732300864,-0.04411421833629142,-0.5199586624390202,0.8976010628506508,-0.42769113217496924,0.04416945451108338
4.6199999999999894,0.8540000000000052,0.013303807989280908,0.2598365668545676,-0.870960732190968,1.366530358666733,-0.5473078501400164,-0.2601692362658721,-0.002971474411897728,-0.05931022478172049,-0.5104164215494639,0.8939260617854599,-0.4335977855490257,0.05938452717695439
4.639999999999989,0.8880000000000052,0.01199060567984424,0.23517287413779564,-0.8366220601744133,1.2989215495498387,-0.5137159730286361,-0.23547270533658513,-0.003733959595406904,-0.07447875590066062,-0.5002444355734155,0.8890210623064894,-0.4389157415397814,0.07457212445152772
4.659999999999989,0.9220000000000053,0.010692533115724875,0.21050300024550295,-0.7868269958205893,1.210699447045894,-0.4750020412158502,-0.2107703718233992,-0.004496440437195311,-0.08961290178273333,-0.48944103969291997,0.882871215757409,-0.4436317808740948,0.08972533640779448
4.679999999999988,0.9560000000000053,0.00946107819011529,0.18685553869704094,-0.7249553724568171,1.107404644775471,-0.43333578717578847,-0.18709211670417747,-0.005258916050730935,-0.10470584687791129,-0.47800221599322124,0.8754573530424592,-0.4477307091226821,0.10483734747909326
4.699999999999988,0.9900000000000053,0.008324101656082326,0.16483214026182677,-0.6548765634632376,0.9956327739906778,-0.39144381173586695,-0.16504028736990412,-0.006021385549518236,-0.1197508878539499,-0.4659213242288153,0.8667555211360463,-0.4511951625908783,0.11990145431655432
4.719999999999987,0.02400000000000535,0.007291807136844247,0.14469496357726208,-0.581538053326478,0.8843674560230066,-0.3533578712570147,-0.14487729755073692,-0.006783848047104332,-0.13474145069891083,-0.45318875979960166,0.8567363802332406,-0.45400534766466044,0.1349110828916081
4.739999999999987,0.05800000000000535,0.006469893805769084,0.1285758793372329,-0.5589965002012147,0.8610235708258172,-0.3524435821759513,-0.12873766095215688,-0.007704087556575539,-0.15275253544121095,-0.5026728163004163,0.9339921176444763,-0.4819088605023878,0.15294517871784918
4.7599999999999865,0.09200000000000536,0.00570742831798254,0.113562097136127,-0.5565184199806511,0.8704963618895354,-0.364302365281691,-0.11370481296486797,-0.00877984612993932,-0.17368062501626724,-0.5814086849332751,1.051162302285643,-0.5205179891986205,0.17390016831873945
4.779999999999986,0.12600000000000536,0.004944956193999237,0.09849652702634716,-0.5533125122546322,0.8786646227545343,-0.3755958385778474,-0.09862017694442414,-0.009957824917119166,-0.1964215419431561,-0.6586241555821918,1.1624175120793874,-0.5547744866421928,0.19667054149897242
4.799999999999986,0.16000000000000536,0.004182478320290377,0.08338579828778514,-0.5493985309578695,0.8855553919748194,-0.3863313420291993,-0.0834903821873461,-0.011221308181987634,-0.22058561839070956,-0.7299878725229415,1.2602772498625547,-0.5815320627442367,0.22086621249666732
4.819999999999985,0.19400000000000536,0.003419995583367259,0.06823666257672716,-0.5447936989747835,0.8911905882784255,-0.3965136192566505,-0.06832218036654562,-0.012533359537819892,-0.2454037562251002,-0.7917522295276875,1.3390326009986449,-0.5988260228283726,0.24571715960781268
4.839999999999985,0.22800000000000537,0.0026575088697751233,0.05305597649935799,-0.5395129747007013,0.8955875526795087,-0.40614509292637313,-0.05312242810484066,-0.013831513448533386,-0.2696588520745331,-0.8401441414153431,1.393672192836271,-0.6054043592119641,0.27000471747844446
4.859999999999984,0.26200000000000534,0.001895019066086949,0.03785068347587693,-0.5335692490869325,0.8987594618203945,-0.41522608091000246,-0.03789806883906077,-0.015026745693073471,-0.29170734959953554,-0.8710412806922172,1.4191697058887947,-0.600335846916918,0.2920831035918734
4.879999999999984,0.29600000000000537,0.001670756900067174,0.03337487446077516,-0.5263150276247326,0.8994606853572487,-0.42317354097816606,-0.033416652097025136,-0.015343209469232226,-0.29749749398121805,-0.8848628929629269,1.418831527008909,-0.5862679443916988,0.2978811616725356
4.8999999999999835,0.3300000000000054,0.0024332474438788702,0.048586073011044076,-0.5172174816324964,0.8966471467759738,-0.42948878777250443,-0.048646916903475716,-0.014198328810559983,-0.27645525358964645,-0.8841685546699609,1.398955209754407,-0.5667618849248819,0.2768102917387422
